internal_chain,internal_residue,author_chain,label_chain,author_residue_number,insertion_code,label_seq_id,residue_name,upstream_score,upstream_probability,pocket_rank
A,1,A,A,1,,1,SER,0.3686,0.0203,8
A,2,A,A,2,,2,GLY,0.3527,0.0187,8
A,3,A,A,3,,3,PHE,0.7224,0.0743,1
A,4,A,A,4,,4,ARG,0.9499,0.1278,1
A,5,A,A,5,,5,LYS,1.9684,0.4057,1
A,6,A,A,6,,6,MET,1.2153,0.2007,0
A,7,A,A,7,,7,ALA,0.2919,0.0133,0
A,8,A,A,8,,8,PHE,0.5609,0.045,7
A,9,A,A,9,,9,PRO,0.2925,0.0134,0
A,10,A,A,10,,10,SER,0.066,0.0014,0
A,11,A,A,11,,11,GLY,0.1208,0.0031,0
A,12,A,A,12,,12,LYS,0.3414,0.0177,0
A,13,A,A,13,,13,VAL,0.103,0.0024,0
A,14,A,A,14,,14,GLU,0.7544,0.081,0
A,15,A,A,15,,15,GLY,0.4937,0.0351,0
A,16,A,A,16,,16,CYS,0.3294,0.0165,0
A,17,A,A,17,,17,MET,0.4643,0.0312,0
A,18,A,A,18,,18,VAL,0.3874,0.0222,0
A,19,A,A,19,,19,GLN,0.1981,0.0068,0
A,20,A,A,20,,20,VAL,0.0,0.0002,0
A,21,A,A,21,,21,THR,0.1614,0.0048,0
A,22,A,A,22,,22,CYS,0.3019,0.0141,0
A,23,A,A,23,,23,GLY,0.2773,0.0121,0
A,24,A,A,24,,24,THR,0.2934,0.0134,2
A,25,A,A,25,,25,THR,1.6654,0.3281,2
A,26,A,A,26,,26,THR,1.0216,0.1468,2
A,27,A,A,27,,27,LEU,1.0794,0.1625,2
A,28,A,A,28,,28,ASN,0.1361,0.0037,0
A,29,A,A,29,,29,GLY,0.0,0.0002,0
A,30,A,A,30,,30,LEU,0.0,0.0002,0
A,31,A,A,31,,31,TRP,0.4372,0.0279,0
A,32,A,A,32,,32,LEU,0.1887,0.0062,0
A,33,A,A,33,,33,ASP,0.214,0.0077,0
A,34,A,A,34,,34,ASP,0.0641,0.0013,0
A,35,A,A,35,,35,VAL,0.2916,0.0133,0
A,36,A,A,36,,36,VAL,0.0024,0.0003,0
A,37,A,A,37,,37,TYR,0.4739,0.0324,0
A,38,A,A,38,,38,CYS,0.0,0.0002,0
A,39,A,A,39,,39,PRO,0.0,0.0002,0
A,40,A,A,40,,40,ARG,0.4561,0.0301,0
A,41,A,A,41,,41,HIS,3.1542,0.6346,2
A,42,A,A,42,,42,VAL,0.5694,0.0463,0
A,43,A,A,43,,43,ILE,0.2377,0.0093,0
A,44,A,A,44,,44,CYS,0.7639,0.0831,2
A,45,A,A,45,,45,THR,0.3068,0.0145,0
A,46,A,A,46,,46,SER,0.0553,0.0011,0
A,47,A,A,47,,47,GLU,0.0107,0.0004,0
A,48,A,A,48,,48,ASP,0.1271,0.0033,0
A,49,A,A,49,,49,MET,1.815,0.3675,2
A,50,A,A,50,,50,LEU,0.0117,0.0004,0
A,51,A,A,51,,51,ASN,0.0273,0.0006,0
A,52,A,A,52,,52,PRO,0.0446,0.0009,0
A,53,A,A,53,,53,ASN,0.0357,0.0007,0
A,54,A,A,54,,54,TYR,0.4671,0.0315,0
A,55,A,A,55,,55,GLU,0.1158,0.0029,0
A,56,A,A,56,,56,ASP,0.0148,0.0004,0
A,57,A,A,57,,57,LEU,0.0835,0.0018,0
A,58,A,A,58,,58,LEU,0.0432,0.0009,0
A,59,A,A,59,,59,ILE,0.0294,0.0006,0
A,60,A,A,60,,60,ARG,0.0592,0.0012,0
A,61,A,A,61,,61,LYS,0.3513,0.0186,0
A,62,A,A,62,,62,SER,0.0417,0.0008,0
A,63,A,A,63,,63,ASN,0.0447,0.0009,0
A,64,A,A,64,,64,HIS,0.0464,0.0009,0
A,65,A,A,65,,65,ASN,0.1118,0.0027,0
A,66,A,A,66,,66,PHE,0.0202,0.0005,0
A,67,A,A,67,,67,LEU,0.1306,0.0035,0
A,68,A,A,68,,68,VAL,0.0098,0.0004,0
A,69,A,A,69,,69,GLN,0.3117,0.015,0
A,70,A,A,70,,70,ALA,0.585,0.0489,0
A,71,A,A,71,,71,GLY,0.543,0.0422,0
A,72,A,A,72,,72,ASN,0.124,0.0032,0
A,73,A,A,73,,73,VAL,0.1599,0.0048,0
A,74,A,A,74,,74,GLN,0.0849,0.0019,0
A,75,A,A,75,,75,LEU,0.1411,0.0039,0
A,76,A,A,76,,76,ARG,0.0248,0.0006,0
A,77,A,A,77,,77,VAL,0.0216,0.0005,0
A,78,A,A,78,,78,ILE,0.0371,0.0008,0
A,79,A,A,79,,79,GLY,0.0448,0.0009,0
A,80,A,A,80,,80,HIS,0.0642,0.0013,0
A,81,A,A,81,,81,SER,0.0977,0.0023,0
A,82,A,A,82,,82,MET,0.0639,0.0013,0
A,83,A,A,83,,83,GLN,0.2214,0.0082,0
A,84,A,A,84,,84,ASN,0.3183,0.0155,0
A,85,A,A,85,,85,CYS,0.476,0.0327,0
A,86,A,A,86,,86,VAL,0.0,0.0002,0
A,87,A,A,87,,87,LEU,0.0,0.0002,0
A,88,A,A,88,,88,LYS,0.3254,0.0162,0
A,89,A,A,89,,89,LEU,0.0251,0.0006,0
A,90,A,A,90,,90,LYS,0.0723,0.0015,0
A,91,A,A,91,,91,VAL,0.0007,0.0002,0
A,92,A,A,92,,92,ASP,0.0075,0.0003,0
A,93,A,A,93,,93,THR,0.0999,0.0023,0
A,94,A,A,94,,94,ALA,0.0829,0.0018,0
A,95,A,A,95,,95,ASN,0.3523,0.0187,0
A,96,A,A,96,,96,PRO,0.146,0.0042,0
A,97,A,A,97,,97,LYS,0.5683,0.0461,0
A,98,A,A,98,,98,THR,0.0352,0.0007,0
A,99,A,A,99,,99,PRO,0.0675,0.0014,0
A,100,A,A,100,,100,LYS,0.0573,0.0012,0
A,101,A,A,101,,101,TYR,0.437,0.0279,0
A,102,A,A,102,,102,LYS,0.1584,0.0047,0
A,103,A,A,103,,103,PHE,0.4628,0.031,0
A,104,A,A,104,,104,VAL,0.2537,0.0104,0
A,105,A,A,105,,105,ARG,0.2537,0.0104,0
A,106,A,A,106,,106,ILE,0.2378,0.0093,0
A,107,A,A,107,,107,GLN,0.6291,0.0563,4
A,108,A,A,108,,108,PRO,1.1387,0.179,4
A,109,A,A,109,,109,GLY,1.0548,0.1557,4
A,110,A,A,110,,110,GLN,1.1589,0.1847,4
A,111,A,A,111,,111,THR,0.4906,0.0346,0
A,112,A,A,112,,112,PHE,0.071,0.0015,0
A,113,A,A,113,,113,SER,0.0,0.0002,0
A,114,A,A,114,,114,VAL,0.0,0.0002,0
A,115,A,A,115,,115,LEU,0.0,0.0002,0
A,116,A,A,116,,116,ALA,0.1716,0.0053,0
A,117,A,A,117,,117,CYS,0.055,0.0011,0
A,118,A,A,118,,118,TYR,0.3101,0.0148,0
A,119,A,A,119,,119,ASN,0.3672,0.0201,0
A,120,A,A,120,,120,GLY,0.4576,0.0303,0
A,121,A,A,121,,121,SER,0.394,0.0229,0
A,122,A,A,122,,122,PRO,0.3937,0.0229,0
A,123,A,A,123,,123,SER,0.7075,0.0712,0
A,124,A,A,124,,124,GLY,0.6339,0.0572,0
A,125,A,A,125,,125,VAL,0.1309,0.0035,0
A,126,A,A,126,,126,TYR,0.1516,0.0044,0
A,127,A,A,127,,127,GLN,0.675,0.0648,0
A,128,A,A,128,,128,CYS,0.0151,0.0004,0
A,129,A,A,129,,129,ALA,0.0,0.0002,0
A,130,A,A,130,,130,MET,0.002,0.0003,0
A,131,A,A,131,,131,ARG,0.376,0.021,0
A,132,A,A,132,,132,PRO,0.1114,0.0027,4
A,133,A,A,133,,133,ASN,0.0651,0.0014,0
A,134,A,A,134,,134,PHE,0.1811,0.0058,0
A,135,A,A,135,,135,THR,0.0277,0.0006,0
A,136,A,A,136,,136,ILE,0.0546,0.0011,0
A,137,A,A,137,,137,LYS,0.7548,0.0811,1
A,138,A,A,138,,138,GLY,0.2935,0.0134,0
A,139,A,A,139,,139,SER,0.3723,0.0206,0
A,140,A,A,140,,140,PHE,0.3825,0.0217,2
A,141,A,A,141,,141,LEU,0.8112,0.0938,2
A,142,A,A,142,,142,ASN,2.3304,0.487,2
A,143,A,A,143,,143,GLY,1.299,0.2246,2
A,144,A,A,144,,144,SER,0.5489,0.0431,2
A,145,A,A,145,,145,CYS,3.0724,0.6223,2
A,146,A,A,146,,146,GLY,0.0,0.0002,0
A,147,A,A,147,,147,SER,0.0,0.0002,0
A,148,A,A,148,,148,VAL,0.0,0.0002,0
A,149,A,A,149,,149,GLY,0.0,0.0002,0
A,150,A,A,150,,150,PHE,0.0,0.0002,0
A,151,A,A,151,,151,ASN,0.4174,0.0255,7
A,152,A,A,152,,152,ILE,0.5357,0.0412,7
A,153,A,A,153,,153,ASP,0.6956,0.0688,7
A,154,A,A,154,,154,TYR,0.4007,0.0236,0
A,155,A,A,155,,155,ASP,0.3035,0.0143,0
A,156,A,A,156,,156,CYS,0.0813,0.0018,0
A,157,A,A,157,,157,VAL,0.0214,0.0005,0
A,158,A,A,158,,158,SER,0.2286,0.0086,7
A,159,A,A,159,,159,PHE,0.0578,0.0012,0
A,160,A,A,160,,160,CYS,0.1494,0.0043,0
A,161,A,A,161,,161,TYR,0.0,0.0002,0
A,162,A,A,162,,162,MET,0.0,0.0002,0
A,163,A,A,163,,163,HIS,0.2336,0.009,2
A,164,A,A,164,,164,HIS,2.479,0.518,2
A,165,A,A,165,,165,MET,1.5911,0.3078,2
A,166,A,A,166,,166,GLU,0.9404,0.1254,2
A,167,A,A,167,,167,LEU,0.065,0.0014,0
A,168,A,A,168,,168,PRO,0.0569,0.0012,0
A,169,A,A,169,,169,THR,0.0841,0.0019,0
A,170,A,A,170,,170,GLY,0.2308,0.0088,0
A,171,A,A,171,,171,VAL,0.1512,0.0044,0
A,172,A,A,172,,172,HIS,0.1776,0.0056,0
A,173,A,A,173,,173,ALA,0.0,0.0002,0
A,174,A,A,174,,174,GLY,0.0,0.0002,0
A,175,A,A,175,,175,THR,0.0538,0.0011,0
A,176,A,A,176,,176,ASP,0.0656,0.0014,0
A,177,A,A,177,,177,LEU,0.1817,0.0058,0
A,178,A,A,178,,178,GLU,0.1248,0.0032,0
A,179,A,A,179,,179,GLY,0.1966,0.0067,0
A,180,A,A,180,,180,ASN,0.1318,0.0035,0
A,181,A,A,181,,181,PHE,0.375,0.0209,0
A,182,A,A,182,,182,TYR,0.1352,0.0037,0
A,183,A,A,183,,183,GLY,0.211,0.0075,0
A,184,A,A,184,,184,PRO,0.0956,0.0022,0
A,185,A,A,185,,185,PHE,0.2509,0.0102,0
A,186,A,A,186,,186,VAL,0.4338,0.0275,0
A,187,A,A,187,,187,ASP,0.5977,0.0509,2
A,188,A,A,188,,188,ARG,0.3094,0.0148,2
A,189,A,A,189,,189,GLN,0.106,0.0025,2
A,190,A,A,190,,190,THR,0.0596,0.0012,0
A,191,A,A,191,,191,ALA,0.0422,0.0009,0
A,192,A,A,192,,192,GLN,0.0566,0.0012,0
A,193,A,A,193,,193,ALA,0.0166,0.0004,0
A,194,A,A,194,,194,ALA,0.0345,0.0007,0
A,195,A,A,195,,195,GLY,0.0392,0.0008,0
A,196,A,A,196,,196,THR,0.0745,0.0016,0
A,197,A,A,197,,197,ASP,0.2743,0.0119,1
A,198,A,A,198,,198,THR,0.2017,0.007,0
A,199,A,A,199,,199,THR,0.4967,0.0355,1
A,200,A,A,200,,200,ILE,0.9257,0.1217,4
A,201,A,A,201,,201,THR,0.2157,0.0078,4
A,202,A,A,202,,202,VAL,1.1939,0.1945,4
A,203,A,A,203,,203,ASN,0.7314,0.0762,4
A,204,A,A,204,,204,VAL,0.182,0.0059,0
A,205,A,A,205,,205,LEU,0.0,0.0002,0
A,206,A,A,206,,206,ALA,0.0,0.0002,0
A,207,A,A,207,,207,TRP,0.0794,0.0017,1
A,208,A,A,208,,208,LEU,0.0,0.0002,0
A,209,A,A,209,,209,TYR,0.1222,0.0031,0
A,210,A,A,210,,210,ALA,0.0001,0.0002,0
A,211,A,A,211,,211,ALA,0.0005,0.0002,0
A,212,A,A,212,,212,VAL,0.0053,0.0003,0
A,213,A,A,213,,213,ILE,0.1058,0.0025,0
A,214,A,A,214,,214,ASN,0.3412,0.0177,8
A,215,A,A,215,,215,GLY,0.0205,0.0005,0
A,216,A,A,216,,216,ASP,0.0493,0.001,8
A,217,A,A,217,,217,ARG,0.0437,0.0009,0
A,218,A,A,218,,218,TRP,0.1015,0.0024,0
A,219,A,A,219,,219,PHE,0.0448,0.0009,0
A,220,A,A,220,,220,LEU,0.0597,0.0012,0
A,221,A,A,221,,221,ASN,0.233,0.0089,0
A,222,A,A,222,,222,ARG,0.0767,0.0016,0
A,223,A,A,223,,223,PHE,0.4851,0.0339,0
A,224,A,A,224,,224,THR,0.2127,0.0076,0
A,225,A,A,225,,225,THR,0.1642,0.005,0
A,226,A,A,226,,226,THR,0.018,0.0005,0
A,227,A,A,227,,227,LEU,0.0164,0.0004,0
A,228,A,A,228,,228,ASN,0.0157,0.0004,0
A,229,A,A,229,,229,ASP,0.0424,0.0009,0
A,230,A,A,230,,230,PHE,0.0004,0.0002,0
A,231,A,A,231,,231,ASN,0.0191,0.0005,0
A,232,A,A,232,,232,LEU,0.0424,0.0009,0
A,233,A,A,233,,233,VAL,0.065,0.0014,0
A,234,A,A,234,,234,ALA,0.0008,0.0002,0
A,235,A,A,235,,235,MET,0.2702,0.0116,0
A,236,A,A,236,,236,LYS,0.048,0.001,0
A,237,A,A,237,,237,TYR,0.2394,0.0094,0
A,238,A,A,238,,238,ASN,0.0597,0.0012,0
A,239,A,A,239,,239,TYR,0.5772,0.0476,0
A,240,A,A,240,,240,GLU,0.3216,0.0158,4
A,241,A,A,241,,241,PRO,0.2934,0.0134,4
A,242,A,A,242,,242,LEU,0.0166,0.0004,0
A,243,A,A,243,,243,THR,0.0363,0.0007,0
A,244,A,A,244,,244,GLN,0.039,0.0008,0
A,245,A,A,245,,245,ASP,0.1561,0.0046,0
A,246,A,A,246,,246,HIS,1.207,0.1983,4
A,247,A,A,247,,247,VAL,0.1504,0.0043,0
A,248,A,A,248,,248,ASP,0.025,0.0006,0
A,249,A,A,249,,249,ILE,0.5627,0.0453,4
A,250,A,A,250,,250,LEU,0.0788,0.0017,0
A,251,A,A,251,,251,GLY,0.0768,0.0017,0
A,252,A,A,252,,252,PRO,0.031,0.0007,0
A,253,A,A,253,,253,LEU,0.0137,0.0004,0
A,254,A,A,254,,254,SER,0.2129,0.0076,0
A,255,A,A,255,,255,ALA,0.0584,0.0012,0
A,256,A,A,256,,256,GLN,0.0103,0.0004,0
A,257,A,A,257,,257,THR,0.013,0.0004,0
A,258,A,A,258,,258,GLY,0.037,0.0008,0
A,259,A,A,259,,259,ILE,0.2452,0.0098,0
A,260,A,A,260,,260,ALA,0.2848,0.0127,0
A,261,A,A,261,,261,VAL,0.2759,0.012,0
A,262,A,A,262,,262,LEU,0.2211,0.0081,0
A,263,A,A,263,,263,ASP,0.0852,0.0019,0
A,264,A,A,264,,264,MET,0.0127,0.0004,0
A,265,A,A,265,,265,CYS,0.1162,0.0029,0
A,266,A,A,266,,266,ALA,0.1773,0.0056,0
A,267,A,A,267,,267,SER,0.1461,0.0042,0
A,268,A,A,268,,268,LEU,0.0,0.0002,0
A,269,A,A,269,,269,LYS,0.2096,0.0074,0
A,270,A,A,270,,270,GLU,0.2892,0.0131,0
A,271,A,A,271,,271,LEU,0.5116,0.0376,0
A,272,A,A,272,,272,LEU,0.5793,0.0479,0
A,273,A,A,273,,273,GLN,0.1357,0.0037,0
A,274,A,A,274,,274,ASN,0.7686,0.0842,0
A,275,A,A,275,,275,GLY,1.045,0.153,0
A,276,A,A,276,,276,MET,1.1896,0.1933,0
A,277,A,A,277,,277,ASN,0.771,0.0847,0
A,278,A,A,278,,278,GLY,0.5638,0.0454,0
A,279,A,A,279,,279,ARG,0.5079,0.037,0
A,280,A,A,280,,280,THR,0.2464,0.0099,0
A,281,A,A,281,,281,ILE,0.1913,0.0064,0
A,282,A,A,282,,282,LEU,0.543,0.0422,1
A,283,A,A,283,,283,GLY,0.6257,0.0557,1
A,284,A,A,284,,284,SER,0.757,0.0816,1
A,285,A,A,285,,285,ALA,1.4165,0.2586,0
A,286,A,A,286,,286,LEU,1.3123,0.2286,1
A,287,A,A,287,,287,LEU,1.0975,0.1675,1
A,288,A,A,288,,288,GLU,1.3246,0.232,1
A,289,A,A,289,,289,ASP,0.4905,0.0346,1
A,290,A,A,290,,290,GLU,0.7719,0.0849,1
A,291,A,A,291,,291,PHE,0.734,0.0768,0
A,292,A,A,292,,292,THR,0.3423,0.0178,4
A,293,A,A,293,,293,PRO,0.4424,0.0285,4
A,294,A,A,294,,294,PHE,0.6498,0.06,7
A,295,A,A,295,,295,ASP,0.6691,0.0636,7
A,296,A,A,296,,296,VAL,0.2822,0.0125,0
A,297,A,A,297,,297,VAL,0.0699,0.0015,0
A,298,A,A,298,,298,ARG,1.5411,0.2941,7
A,299,A,A,299,,299,GLN,1.171,0.1881,0
A,300,A,A,300,,300,CYS,0.172,0.0054,0
A,301,A,A,301,,301,SER,0.2281,0.0086,0
B,1,B,B,1,,1,SER,0.7471,0.0795,0
B,2,B,B,2,,2,GLY,0.831,0.0984,0
B,3,B,B,3,,3,PHE,1.22,0.202,1
B,4,B,B,4,,4,ARG,1.5245,0.2895,1
B,5,B,B,5,,5,LYS,1.7742,0.357,1
B,6,B,B,6,,6,MET,1.326,0.2324,0
B,7,B,B,7,,7,ALA,1.078,0.1621,0
B,8,B,B,8,,8,PHE,0.8178,0.0953,0
B,9,B,B,9,,9,PRO,0.3959,0.0231,0
B,10,B,B,10,,10,SER,0.0499,0.001,0
B,11,B,B,11,,11,GLY,0.1895,0.0063,0
B,12,B,B,12,,12,LYS,0.3831,0.0218,0
B,13,B,B,13,,13,VAL,0.0116,0.0004,0
B,14,B,B,14,,14,GLU,0.7107,0.0719,0
B,15,B,B,15,,15,GLY,0.4758,0.0326,0
B,16,B,B,16,,16,CYS,0.298,0.0138,0
B,17,B,B,17,,17,MET,0.5015,0.0361,0
B,18,B,B,18,,18,VAL,0.4194,0.0258,0
B,19,B,B,19,,19,GLN,0.0894,0.002,0
B,20,B,B,20,,20,VAL,0.0,0.0002,0
B,21,B,B,21,,21,THR,0.0541,0.0011,0
B,22,B,B,22,,22,CYS,0.141,0.0039,0
B,23,B,B,23,,23,GLY,0.1452,0.0041,0
B,24,B,B,24,,24,THR,0.1604,0.0048,0
B,25,B,B,25,,25,THR,1.0965,0.1672,3
B,26,B,B,26,,26,THR,0.7906,0.089,3
B,27,B,B,27,,27,LEU,1.1281,0.176,0
B,28,B,B,28,,28,ASN,0.0015,0.0003,0
B,29,B,B,29,,29,GLY,0.0,0.0002,0
B,30,B,B,30,,30,LEU,0.0,0.0002,0
B,31,B,B,31,,31,TRP,0.4054,0.0241,0
B,32,B,B,32,,32,LEU,0.5347,0.041,0
B,33,B,B,33,,33,ASP,0.4032,0.0239,0
B,34,B,B,34,,34,ASP,0.0305,0.0007,0
B,35,B,B,35,,35,VAL,0.3612,0.0195,0
B,36,B,B,36,,36,VAL,0.0,0.0002,0
B,37,B,B,37,,37,TYR,0.9528,0.1286,0
B,38,B,B,38,,38,CYS,0.0,0.0002,0
B,39,B,B,39,,39,PRO,0.0,0.0002,0
B,40,B,B,40,,40,ARG,0.4797,0.0332,0
B,41,B,B,41,,41,HIS,1.7897,0.361,3
B,42,B,B,42,,42,VAL,0.1802,0.0058,0
B,43,B,B,43,,43,ILE,0.0882,0.002,0
B,44,B,B,44,,44,CYS,0.2303,0.0087,3
B,45,B,B,45,,45,THR,0.1683,0.0052,0
B,46,B,B,46,,46,SER,0.0875,0.0019,0
B,47,B,B,47,,47,GLU,0.0413,0.0008,0
B,48,B,B,48,,48,ASP,0.0395,0.0008,0
B,49,B,B,49,,49,MET,0.6512,0.0602,3
B,50,B,B,50,,50,LEU,0.0079,0.0003,0
B,51,B,B,51,,51,ASN,0.0115,0.0004,0
B,52,B,B,52,,52,PRO,0.1721,0.0054,0
B,53,B,B,53,,53,ASN,0.0364,0.0008,0
B,54,B,B,54,,54,TYR,0.3217,0.0158,0
B,55,B,B,55,,55,GLU,0.044,0.0009,0
B,56,B,B,56,,56,ASP,0.029,0.0006,0
B,57,B,B,57,,57,LEU,0.0305,0.0007,0
B,58,B,B,58,,58,LEU,0.0644,0.0013,0
B,59,B,B,59,,59,ILE,0.0631,0.0013,0
B,60,B,B,60,,60,ARG,0.0531,0.0011,0
B,61,B,B,61,,61,LYS,0.1624,0.0049,0
B,62,B,B,62,,62,SER,0.0332,0.0007,0
B,63,B,B,63,,63,ASN,0.0466,0.0009,0
B,64,B,B,64,,64,HIS,0.0831,0.0018,0
B,65,B,B,65,,65,ASN,0.1318,0.0035,0
B,66,B,B,66,,66,PHE,0.0638,0.0013,0
B,67,B,B,67,,67,LEU,0.0642,0.0013,0
B,68,B,B,68,,68,VAL,0.0207,0.0005,0
B,69,B,B,69,,69,GLN,0.1938,0.0065,0
B,70,B,B,70,,70,ALA,0.597,0.0508,0
B,71,B,B,71,,71,GLY,0.5777,0.0477,0
B,72,B,B,72,,72,ASN,0.1365,0.0037,0
B,73,B,B,73,,73,VAL,0.147,0.0042,0
B,74,B,B,74,,74,GLN,0.0926,0.0021,0
B,75,B,B,75,,75,LEU,0.1379,0.0038,0
B,76,B,B,76,,76,ARG,0.0487,0.001,0
B,77,B,B,77,,77,VAL,0.0482,0.001,0
B,78,B,B,78,,78,ILE,0.0211,0.0005,0
B,79,B,B,79,,79,GLY,0.016,0.0004,0
B,80,B,B,80,,80,HIS,0.0575,0.0012,0
B,81,B,B,81,,81,SER,0.0996,0.0023,0
B,82,B,B,82,,82,MET,0.1496,0.0043,0
B,83,B,B,83,,83,GLN,0.3547,0.0189,0
B,84,B,B,84,,84,ASN,0.2983,0.0138,0
B,85,B,B,85,,85,CYS,0.4843,0.0338,0
B,86,B,B,86,,86,VAL,0.0006,0.0002,0
B,87,B,B,87,,87,LEU,0.0,0.0002,0
B,88,B,B,88,,88,LYS,0.3648,0.0199,0
B,89,B,B,89,,89,LEU,0.014,0.0004,0
B,90,B,B,90,,90,LYS,0.1046,0.0025,0
B,91,B,B,91,,91,VAL,0.0029,0.0003,0
B,92,B,B,92,,92,ASP,0.0161,0.0004,0
B,93,B,B,93,,93,THR,0.0906,0.002,0
B,94,B,B,94,,94,ALA,0.0543,0.0011,0
B,95,B,B,95,,95,ASN,0.21,0.0074,0
B,96,B,B,96,,96,PRO,0.1168,0.0029,0
B,97,B,B,97,,97,LYS,0.5918,0.05,0
B,98,B,B,98,,98,THR,0.0325,0.0007,0
B,99,B,B,99,,99,PRO,0.0693,0.0015,0
B,100,B,B,100,,100,LYS,0.0448,0.0009,0
B,101,B,B,101,,101,TYR,0.8608,0.1055,0
B,102,B,B,102,,102,LYS,0.1229,0.0032,0
B,103,B,B,103,,103,PHE,0.8652,0.1066,0
B,104,B,B,104,,104,VAL,0.3941,0.0229,6
B,105,B,B,105,,105,ARG,0.2281,0.0086,0
B,106,B,B,106,,106,ILE,0.4014,0.0237,6
B,107,B,B,107,,107,GLN,0.1492,0.0043,5
B,108,B,B,108,,108,PRO,0.5038,0.0364,5
B,109,B,B,109,,109,GLY,0.4794,0.0331,5
B,110,B,B,110,,110,GLN,0.9358,0.1242,5
B,111,B,B,111,,111,THR,0.9131,0.1185,6
B,112,B,B,112,,112,PHE,0.0559,0.0011,0
B,113,B,B,113,,113,SER,0.1754,0.0055,0
B,114,B,B,114,,114,VAL,0.0,0.0002,0
B,115,B,B,115,,115,LEU,0.0,0.0002,0
B,116,B,B,116,,116,ALA,0.5401,0.0418,0
B,117,B,B,117,,117,CYS,0.2205,0.0081,0
B,118,B,B,118,,118,TYR,0.9173,0.1196,0
B,119,B,B,119,,119,ASN,0.1613,0.0048,0
B,120,B,B,120,,120,GLY,0.3108,0.0149,0
B,121,B,B,121,,121,SER,0.498,0.0356,0
B,122,B,B,122,,122,PRO,0.6931,0.0683,0
B,123,B,B,123,,123,SER,1.2459,0.2093,0
B,124,B,B,124,,124,GLY,0.7616,0.0826,0
B,125,B,B,125,,125,VAL,0.0039,0.0003,0
B,126,B,B,126,,126,TYR,0.2845,0.0127,0
B,127,B,B,127,,127,GLN,1.066,0.1588,0
B,128,B,B,128,,128,CYS,0.0012,0.0002,0
B,129,B,B,129,,129,ALA,0.0,0.0002,0
B,130,B,B,130,,130,MET,0.0088,0.0003,0
B,131,B,B,131,,131,ARG,0.3167,0.0154,0
B,132,B,B,132,,132,PRO,0.1283,0.0034,0
B,133,B,B,133,,133,ASN,0.093,0.0021,0
B,134,B,B,134,,134,PHE,0.2476,0.0099,0
B,135,B,B,135,,135,THR,0.0637,0.0013,0
B,136,B,B,136,,136,ILE,0.0008,0.0002,0
B,137,B,B,137,,137,LYS,0.5233,0.0393,1
B,138,B,B,138,,138,GLY,0.0282,0.0006,8
B,139,B,B,139,,139,SER,0.5476,0.0429,0
B,140,B,B,140,,140,PHE,0.5953,0.0505,3
B,141,B,B,141,,141,LEU,0.8794,0.1101,3
B,142,B,B,142,,142,ASN,1.3515,0.2397,3
B,143,B,B,143,,143,GLY,0.8698,0.1077,3
B,144,B,B,144,,144,SER,0.6589,0.0617,3
B,145,B,B,145,,145,CYS,1.6678,0.3288,3
B,146,B,B,146,,146,GLY,0.0,0.0002,0
B,147,B,B,147,,147,SER,0.0,0.0002,0
B,148,B,B,148,,148,VAL,0.0,0.0002,0
B,149,B,B,149,,149,GLY,0.0,0.0002,0
B,150,B,B,150,,150,PHE,0.0922,0.0021,0
B,151,B,B,151,,151,ASN,0.69,0.0677,6
B,152,B,B,152,,152,ILE,0.3654,0.0199,6
B,153,B,B,153,,153,ASP,0.4613,0.0308,6
B,154,B,B,154,,154,TYR,0.4497,0.0294,0
B,155,B,B,155,,155,ASP,0.2318,0.0088,0
B,156,B,B,156,,156,CYS,0.1055,0.0025,0
B,157,B,B,157,,157,VAL,0.0032,0.0003,0
B,158,B,B,158,,158,SER,0.39,0.0225,6
B,159,B,B,159,,159,PHE,0.0033,0.0003,0
B,160,B,B,160,,160,CYS,0.1198,0.003,0
B,161,B,B,161,,161,TYR,0.0,0.0002,0
B,162,B,B,162,,162,MET,0.0,0.0002,0
B,163,B,B,163,,163,HIS,0.124,0.0032,3
B,164,B,B,164,,164,HIS,1.3307,0.2337,3
B,165,B,B,165,,165,MET,0.8029,0.0918,3
B,166,B,B,166,,166,GLU,0.4727,0.0322,3
B,167,B,B,167,,167,LEU,0.0598,0.0012,0
B,168,B,B,168,,168,PRO,0.0321,0.0007,0
B,169,B,B,169,,169,THR,0.2346,0.009,8
B,170,B,B,170,,170,GLY,0.1703,0.0053,8
B,171,B,B,171,,171,VAL,0.104,0.0025,8
B,172,B,B,172,,172,HIS,0.0295,0.0006,0
B,173,B,B,173,,173,ALA,0.0,0.0002,0
B,174,B,B,174,,174,GLY,0.0,0.0002,0
B,175,B,B,175,,175,THR,0.017,0.0004,0
B,176,B,B,176,,176,ASP,0.0096,0.0003,0
B,177,B,B,177,,177,LEU,0.0345,0.0007,0
B,178,B,B,178,,178,GLU,0.0757,0.0016,0
B,179,B,B,179,,179,GLY,0.1173,0.003,0
B,180,B,B,180,,180,ASN,0.1187,0.003,0
B,181,B,B,181,,181,PHE,0.3701,0.0204,0
B,182,B,B,182,,182,TYR,0.1342,0.0036,0
B,183,B,B,183,,183,GLY,0.2343,0.009,0
B,184,B,B,184,,184,PRO,0.1252,0.0033,0
B,185,B,B,185,,185,PHE,0.2028,0.007,0
B,186,B,B,186,,186,VAL,0.3651,0.0199,0
B,187,B,B,187,,187,ASP,0.4739,0.0324,0
B,188,B,B,188,,188,ARG,0.1367,0.0037,0
B,189,B,B,189,,189,GLN,0.1879,0.0062,3
B,190,B,B,190,,190,THR,0.0394,0.0008,0
B,191,B,B,191,,191,ALA,0.0124,0.0004,0
B,192,B,B,192,,192,GLN,0.0396,0.0008,0
B,193,B,B,193,,193,ALA,0.026,0.0006,0
B,194,B,B,194,,194,ALA,0.0794,0.0017,0
B,195,B,B,195,,195,GLY,0.0749,0.0016,0
B,196,B,B,196,,196,THR,0.029,0.0006,0
B,197,B,B,197,,197,ASP,0.2092,0.0074,0
B,198,B,B,198,,198,THR,0.1753,0.0055,0
B,199,B,B,199,,199,THR,0.4783,0.033,0
B,200,B,B,200,,200,ILE,0.4779,0.0329,5
B,201,B,B,201,,201,THR,0.0918,0.0021,0
B,202,B,B,202,,202,VAL,0.6676,0.0633,5
B,203,B,B,203,,203,ASN,0.448,0.0292,0
B,204,B,B,204,,204,VAL,0.083,0.0018,0
B,205,B,B,205,,205,LEU,0.0,0.0002,0
B,206,B,B,206,,206,ALA,0.0,0.0002,0
B,207,B,B,207,,207,TRP,0.2983,0.0138,0
B,208,B,B,208,,208,LEU,0.0,0.0002,0
B,209,B,B,209,,209,TYR,0.03,0.0006,0
B,210,B,B,210,,210,ALA,0.1,0.0023,0
B,211,B,B,211,,211,ALA,0.0105,0.0004,0
B,212,B,B,212,,212,VAL,0.0091,0.0003,0
B,213,B,B,213,,213,ILE,0.5284,0.0401,0
B,214,B,B,214,,214,ASN,0.8224,0.0964,0
B,215,B,B,215,,215,GLY,0.0261,0.0006,0
B,216,B,B,216,,216,ASP,0.2255,0.0084,0
B,217,B,B,217,,217,ARG,0.0279,0.0006,0
B,218,B,B,218,,218,TRP,0.2465,0.0099,0
B,219,B,B,219,,219,PHE,0.0852,0.0019,0
B,220,B,B,220,,220,LEU,0.0411,0.0008,0
B,221,B,B,221,,221,ASN,0.0783,0.0017,0
B,222,B,B,222,,222,ARG,0.0396,0.0008,0
B,223,B,B,223,,223,PHE,0.1521,0.0044,0
B,224,B,B,224,,224,THR,0.0599,0.0012,0
B,225,B,B,225,,225,THR,0.0647,0.0013,0
B,226,B,B,226,,226,THR,0.0752,0.0016,0
B,227,B,B,227,,227,LEU,0.0959,0.0022,0
B,228,B,B,228,,228,ASN,0.0462,0.0009,0
B,229,B,B,229,,229,ASP,0.0204,0.0005,0
B,230,B,B,230,,230,PHE,0.0009,0.0002,0
B,231,B,B,231,,231,ASN,0.0181,0.0005,0
B,232,B,B,232,,232,LEU,0.0464,0.0009,0
B,233,B,B,233,,233,VAL,0.0425,0.0009,0
B,234,B,B,234,,234,ALA,0.0095,0.0003,0
B,235,B,B,235,,235,MET,0.055,0.0011,0
B,236,B,B,236,,236,LYS,0.0865,0.0019,0
B,237,B,B,237,,237,TYR,0.231,0.0088,0
B,238,B,B,238,,238,ASN,0.0484,0.001,0
B,239,B,B,239,,239,TYR,0.4683,0.0317,0
B,240,B,B,240,,240,GLU,0.2381,0.0093,5
B,241,B,B,241,,241,PRO,0.1464,0.0042,5
B,242,B,B,242,,242,LEU,0.1084,0.0026,0
B,243,B,B,243,,243,THR,0.0416,0.0008,0
B,244,B,B,244,,244,GLN,0.091,0.0021,0
B,245,B,B,245,,245,ASP,0.1234,0.0032,5
B,246,B,B,246,,246,HIS,0.6739,0.0645,5
B,247,B,B,247,,247,VAL,0.2609,0.0109,0
B,248,B,B,248,,248,ASP,0.0244,0.0006,0
B,249,B,B,249,,249,ILE,0.4852,0.0339,5
B,250,B,B,250,,250,LEU,0.0545,0.0011,0
B,251,B,B,251,,251,GLY,0.0584,0.0012,0
B,252,B,B,252,,252,PRO,0.1136,0.0028,0
B,253,B,B,253,,253,LEU,0.095,0.0022,0
B,254,B,B,254,,254,SER,0.2302,0.0087,0
B,255,B,B,255,,255,ALA,0.0232,0.0005,0
B,256,B,B,256,,256,GLN,0.1889,0.0062,0
B,257,B,B,257,,257,THR,0.0098,0.0004,0
B,258,B,B,258,,258,GLY,0.0171,0.0004,0
B,259,B,B,259,,259,ILE,0.1678,0.0051,0
B,260,B,B,260,,260,ALA,0.247,0.0099,0
B,261,B,B,261,,261,VAL,0.2717,0.0117,0
B,262,B,B,262,,262,LEU,0.3021,0.0141,0
B,263,B,B,263,,263,ASP,0.0885,0.002,0
B,264,B,B,264,,264,MET,0.0044,0.0003,0
B,265,B,B,265,,265,CYS,0.006,0.0003,0
B,266,B,B,266,,266,ALA,0.033,0.0007,0
B,267,B,B,267,,267,SER,0.0551,0.0011,0
B,268,B,B,268,,268,LEU,0.0,0.0002,0
B,269,B,B,269,,269,LYS,0.0416,0.0008,0
B,270,B,B,270,,270,GLU,0.1028,0.0024,0
B,271,B,B,271,,271,LEU,0.3845,0.0219,0
B,272,B,B,272,,272,LEU,0.4605,0.0307,0
B,273,B,B,273,,273,GLN,0.0854,0.0019,0
B,274,B,B,274,,274,ASN,0.2111,0.0075,0
B,275,B,B,275,,275,GLY,0.4512,0.0296,0
B,276,B,B,276,,276,MET,0.7161,0.073,0
B,277,B,B,277,,277,ASN,1.0235,0.1473,0
B,278,B,B,278,,278,GLY,1.1419,0.1799,0
B,279,B,B,279,,279,ARG,0.3532,0.0188,0
B,280,B,B,280,,280,THR,0.2414,0.0095,0
B,281,B,B,281,,281,ILE,0.353,0.0188,0
B,282,B,B,282,,282,LEU,0.8072,0.0928,1
B,283,B,B,283,,283,GLY,1.272,0.2169,1
B,284,B,B,284,,284,SER,0.7335,0.0767,1
B,285,B,B,285,,285,ALA,0.8517,0.1033,0
B,286,B,B,286,,286,LEU,1.0205,0.1465,1
B,287,B,B,287,,287,LEU,0.8199,0.0958,1
B,288,B,B,288,,288,GLU,1.3553,0.2408,1
B,289,B,B,289,,289,ASP,0.4239,0.0263,1
B,290,B,B,290,,290,GLU,0.6685,0.0635,1
B,291,B,B,291,,291,PHE,1.0343,0.1501,1
B,292,B,B,292,,292,THR,0.4242,0.0263,5
B,293,B,B,293,,293,PRO,0.2245,0.0084,5
B,294,B,B,294,,294,PHE,1.0066,0.1427,5
B,295,B,B,295,,295,ASP,1.1665,0.1869,6
B,296,B,B,296,,296,VAL,0.4604,0.0307,0
B,297,B,B,297,,297,VAL,0.1351,0.0037,0
B,298,B,B,298,,298,ARG,1.4795,0.2768,6
B,299,B,B,299,,299,GLN,1.2478,0.2099,0
B,300,B,B,300,,300,CYS,0.619,0.0545,0
B,301,B,B,301,,301,SER,0.3553,0.019,0
B,302,B,B,302,,302,GLY,0.2862,0.0128,0
B,303,B,B,303,,303,VAL,0.5306,0.0404,0
B,304,B,B,304,,304,THR,0.3892,0.0224,0
B,305,B,B,305,,305,PHE,1.1659,0.1867,0
