chain, residue_label, residue_name, score, zscore, probability, pocket
A,    1, SER,  0.3686,  -0.1740,   0.0203, 8
A,    2, GLY,  0.3527,  -0.1829,   0.0187, 8
A,    3, PHE,  0.7224,   0.0232,   0.0743, 1
A,    4, ARG,  0.9499,   0.1500,   0.1278, 1
A,    5, LYS,  1.9684,   0.7177,   0.4057, 1
A,    6, MET,  1.2153,   0.2979,   0.2007, 0
A,    7, ALA,  0.2919,  -0.2168,   0.0133, 0
A,    8, PHE,  0.5609,  -0.0668,   0.0450, 7
A,    9, PRO,  0.2925,  -0.2164,   0.0134, 0
A,   10, SER,  0.0660,  -0.3427,   0.0014, 0
A,   11, GLY,  0.1208,  -0.3121,   0.0031, 0
A,   12, LYS,  0.3414,  -0.1892,   0.0177, 0
A,   13, VAL,  0.1030,  -0.3221,   0.0024, 0
A,   14, GLU,  0.7544,   0.0410,   0.0810, 0
A,   15, GLY,  0.4937,  -0.1042,   0.0351, 0
A,   16, CYS,  0.3294,  -0.1959,   0.0165, 0
A,   17, MET,  0.4643,  -0.1207,   0.0312, 0
A,   18, VAL,  0.3874,  -0.1635,   0.0222, 0
A,   19, GLN,  0.1981,  -0.2690,   0.0068, 0
A,   20, VAL,  0.0000,  -0.3795,   0.0002, 0
A,   21, THR,  0.1614,  -0.2895,   0.0048, 0
A,   22, CYS,  0.3019,  -0.2112,   0.0141, 0
A,   23, GLY,  0.2773,  -0.2249,   0.0121, 0
A,   24, THR,  0.2934,  -0.2159,   0.0134, 2
A,   25, THR,  1.6654,   0.5488,   0.3281, 2
A,   26, THR,  1.0216,   0.1900,   0.1468, 2
A,   27, LEU,  1.0794,   0.2222,   0.1625, 2
A,   28, ASN,  0.1361,  -0.3036,   0.0037, 0
A,   29, GLY,  0.0000,  -0.3795,   0.0002, 0
A,   30, LEU,  0.0000,  -0.3795,   0.0002, 0
A,   31, TRP,  0.4372,  -0.1357,   0.0279, 0
A,   32, LEU,  0.1887,  -0.2743,   0.0062, 0
A,   33, ASP,  0.2140,  -0.2602,   0.0077, 0
A,   34, ASP,  0.0641,  -0.3437,   0.0013, 0
A,   35, VAL,  0.2916,  -0.2169,   0.0133, 0
A,   36, VAL,  0.0024,  -0.3781,   0.0003, 0
A,   37, TYR,  0.4739,  -0.1153,   0.0324, 0
A,   38, CYS,  0.0000,  -0.3795,   0.0002, 0
A,   39, PRO,  0.0000,  -0.3795,   0.0002, 0
A,   40, ARG,  0.4561,  -0.1252,   0.0301, 0
A,   41, HIS,  3.1542,   1.3787,   0.6346, 2
A,   42, VAL,  0.5694,  -0.0621,   0.0463, 0
A,   43, ILE,  0.2377,  -0.2470,   0.0093, 0
A,   44, CYS,  0.7639,   0.0463,   0.0831, 2
A,   45, THR,  0.3068,  -0.2084,   0.0145, 0
A,   46, SER,  0.0553,  -0.3486,   0.0011, 0
A,   47, GLU,  0.0107,  -0.3735,   0.0004, 0
A,   48, ASP,  0.1271,  -0.3086,   0.0033, 0
A,   49, MET,  1.8150,   0.6322,   0.3675, 2
A,   50, LEU,  0.0117,  -0.3729,   0.0004, 0
A,   51, ASN,  0.0273,  -0.3643,   0.0006, 0
A,   52, PRO,  0.0446,  -0.3546,   0.0009, 0
A,   53, ASN,  0.0357,  -0.3596,   0.0007, 0
A,   54, TYR,  0.4671,  -0.1191,   0.0315, 0
A,   55, GLU,  0.1158,  -0.3149,   0.0029, 0
A,   56, ASP,  0.0148,  -0.3712,   0.0004, 0
A,   57, LEU,  0.0835,  -0.3329,   0.0018, 0
A,   58, LEU,  0.0432,  -0.3554,   0.0009, 0
A,   59, ILE,  0.0294,  -0.3631,   0.0006, 0
A,   60, ARG,  0.0592,  -0.3465,   0.0012, 0
A,   61, LYS,  0.3513,  -0.1836,   0.0186, 0
A,   62, SER,  0.0417,  -0.3562,   0.0008, 0
A,   63, ASN,  0.0447,  -0.3545,   0.0009, 0
A,   64, HIS,  0.0464,  -0.3536,   0.0009, 0
A,   65, ASN,  0.1118,  -0.3172,   0.0027, 0
A,   66, PHE,  0.0202,  -0.3682,   0.0005, 0
A,   67, LEU,  0.1306,  -0.3067,   0.0035, 0
A,   68, VAL,  0.0098,  -0.3740,   0.0004, 0
A,   69, GLN,  0.3117,  -0.2057,   0.0150, 0
A,   70, ALA,  0.5850,  -0.0534,   0.0489, 0
A,   71, GLY,  0.5430,  -0.0768,   0.0422, 0
A,   72, ASN,  0.1240,  -0.3103,   0.0032, 0
A,   73, VAL,  0.1599,  -0.2903,   0.0048, 0
A,   74, GLN,  0.0849,  -0.3321,   0.0019, 0
A,   75, LEU,  0.1411,  -0.3008,   0.0039, 0
A,   76, ARG,  0.0248,  -0.3656,   0.0006, 0
A,   77, VAL,  0.0216,  -0.3674,   0.0005, 0
A,   78, ILE,  0.0371,  -0.3588,   0.0008, 0
A,   79, GLY,  0.0448,  -0.3545,   0.0009, 0
A,   80, HIS,  0.0642,  -0.3437,   0.0013, 0
A,   81, SER,  0.0977,  -0.3250,   0.0023, 0
A,   82, MET,  0.0639,  -0.3438,   0.0013, 0
A,   83, GLN,  0.2214,  -0.2561,   0.0082, 0
A,   84, ASN,  0.3183,  -0.2020,   0.0155, 0
A,   85, CYS,  0.4760,  -0.1141,   0.0327, 0
A,   86, VAL,  0.0000,  -0.3795,   0.0002, 0
A,   87, LEU,  0.0000,  -0.3795,   0.0002, 0
A,   88, LYS,  0.3254,  -0.1981,   0.0162, 0
A,   89, LEU,  0.0251,  -0.3655,   0.0006, 0
A,   90, LYS,  0.0723,  -0.3391,   0.0015, 0
A,   91, VAL,  0.0007,  -0.3791,   0.0002, 0
A,   92, ASP,  0.0075,  -0.3753,   0.0003, 0
A,   93, THR,  0.0999,  -0.3238,   0.0023, 0
A,   94, ALA,  0.0829,  -0.3332,   0.0018, 0
A,   95, ASN,  0.3523,  -0.1831,   0.0187, 0
A,   96, PRO,  0.1460,  -0.2981,   0.0042, 0
A,   97, LYS,  0.5683,  -0.0627,   0.0461, 0
A,   98, THR,  0.0352,  -0.3598,   0.0007, 0
A,   99, PRO,  0.0675,  -0.3419,   0.0014, 0
A,  100, LYS,  0.0573,  -0.3475,   0.0012, 0
A,  101, TYR,  0.4370,  -0.1359,   0.0279, 0
A,  102, LYS,  0.1584,  -0.2911,   0.0047, 0
A,  103, PHE,  0.4628,  -0.1215,   0.0310, 0
A,  104, VAL,  0.2537,  -0.2380,   0.0104, 0
A,  105, ARG,  0.2537,  -0.2380,   0.0104, 0
A,  106, ILE,  0.2378,  -0.2469,   0.0093, 0
A,  107, GLN,  0.6291,  -0.0288,   0.0563, 4
A,  108, PRO,  1.1387,   0.2553,   0.1790, 4
A,  109, GLY,  1.0548,   0.2085,   0.1557, 4
A,  110, GLN,  1.1589,   0.2665,   0.1847, 4
A,  111, THR,  0.4906,  -0.1060,   0.0346, 0
A,  112, PHE,  0.0710,  -0.3399,   0.0015, 0
A,  113, SER,  0.0000,  -0.3795,   0.0002, 0
A,  114, VAL,  0.0000,  -0.3795,   0.0002, 0
A,  115, LEU,  0.0000,  -0.3795,   0.0002, 0
A,  116, ALA,  0.1716,  -0.2838,   0.0053, 0
A,  117, CYS,  0.0550,  -0.3488,   0.0011, 0
A,  118, TYR,  0.3101,  -0.2066,   0.0148, 0
A,  119, ASN,  0.3672,  -0.1748,   0.0201, 0
A,  120, GLY,  0.4576,  -0.1244,   0.0303, 0
A,  121, SER,  0.3940,  -0.1598,   0.0229, 0
A,  122, PRO,  0.3937,  -0.1600,   0.0229, 0
A,  123, SER,  0.7075,   0.0149,   0.0712, 0
A,  124, GLY,  0.6339,  -0.0261,   0.0572, 0
A,  125, VAL,  0.1309,  -0.3065,   0.0035, 0
A,  126, TYR,  0.1516,  -0.2950,   0.0044, 0
A,  127, GLN,  0.6750,  -0.0032,   0.0648, 0
A,  128, CYS,  0.0151,  -0.3710,   0.0004, 0
A,  129, ALA,  0.0000,  -0.3795,   0.0002, 0
A,  130, MET,  0.0020,  -0.3784,   0.0003, 0
A,  131, ARG,  0.3760,  -0.1699,   0.0210, 0
A,  132, PRO,  0.1114,  -0.3174,   0.0027, 4
A,  133, ASN,  0.0651,  -0.3432,   0.0014, 0
A,  134, PHE,  0.1811,  -0.2785,   0.0058, 0
A,  135, THR,  0.0277,  -0.3640,   0.0006, 0
A,  136, ILE,  0.0546,  -0.3490,   0.0011, 0
A,  137, LYS,  0.7548,   0.0413,   0.0811, 1
A,  138, GLY,  0.2935,  -0.2158,   0.0134, 0
A,  139, SER,  0.3723,  -0.1719,   0.0206, 0
A,  140, PHE,  0.3825,  -0.1663,   0.0217, 2
A,  141, LEU,  0.8112,   0.0727,   0.0938, 2
A,  142, ASN,  2.3304,   0.9195,   0.4870, 2
A,  143, GLY,  1.2990,   0.3446,   0.2246, 2
A,  144, SER,  0.5489,  -0.0735,   0.0431, 2
A,  145, CYS,  3.0724,   1.3331,   0.6223, 2
A,  146, GLY,  0.0000,  -0.3795,   0.0002, 0
A,  147, SER,  0.0000,  -0.3795,   0.0002, 0
A,  148, VAL,  0.0000,  -0.3795,   0.0002, 0
A,  149, GLY,  0.0000,  -0.3795,   0.0002, 0
A,  150, PHE,  0.0000,  -0.3795,   0.0002, 0
A,  151, ASN,  0.4174,  -0.1468,   0.0255, 7
A,  152, ILE,  0.5357,  -0.0809,   0.0412, 7
A,  153, ASP,  0.6956,   0.0083,   0.0688, 7
A,  154, TYR,  0.4007,  -0.1561,   0.0236, 0
A,  155, ASP,  0.3035,  -0.2103,   0.0143, 0
A,  156, CYS,  0.0813,  -0.3342,   0.0018, 0
A,  157, VAL,  0.0214,  -0.3675,   0.0005, 0
A,  158, SER,  0.2286,  -0.2520,   0.0086, 7
A,  159, PHE,  0.0578,  -0.3472,   0.0012, 0
A,  160, CYS,  0.1494,  -0.2962,   0.0043, 0
A,  161, TYR,  0.0000,  -0.3795,   0.0002, 0
A,  162, MET,  0.0000,  -0.3795,   0.0002, 0
A,  163, HIS,  0.2336,  -0.2493,   0.0090, 2
A,  164, HIS,  2.4790,   1.0024,   0.5180, 2
A,  165, MET,  1.5911,   0.5074,   0.3078, 2
A,  166, GLU,  0.9404,   0.1447,   0.1254, 2
A,  167, LEU,  0.0650,  -0.3432,   0.0014, 0
A,  168, PRO,  0.0569,  -0.3477,   0.0012, 0
A,  169, THR,  0.0841,  -0.3326,   0.0019, 0
A,  170, GLY,  0.2308,  -0.2508,   0.0088, 0
A,  171, VAL,  0.1512,  -0.2952,   0.0044, 0
A,  172, HIS,  0.1776,  -0.2805,   0.0056, 0
A,  173, ALA,  0.0000,  -0.3795,   0.0002, 0
A,  174, GLY,  0.0000,  -0.3795,   0.0002, 0
A,  175, THR,  0.0538,  -0.3494,   0.0011, 0
A,  176, ASP,  0.0656,  -0.3429,   0.0014, 0
A,  177, LEU,  0.1817,  -0.2782,   0.0058, 0
A,  178, GLU,  0.1248,  -0.3099,   0.0032, 0
A,  179, GLY,  0.1966,  -0.2699,   0.0067, 0
A,  180, ASN,  0.1318,  -0.3060,   0.0035, 0
A,  181, PHE,  0.3750,  -0.1705,   0.0209, 0
A,  182, TYR,  0.1352,  -0.3041,   0.0037, 0
A,  183, GLY,  0.2110,  -0.2618,   0.0075, 0
A,  184, PRO,  0.0956,  -0.3262,   0.0022, 0
A,  185, PHE,  0.2509,  -0.2396,   0.0102, 0
A,  186, VAL,  0.4338,  -0.1376,   0.0275, 0
A,  187, ASP,  0.5977,  -0.0463,   0.0509, 2
A,  188, ARG,  0.3094,  -0.2070,   0.0148, 2
A,  189, GLN,  0.1060,  -0.3204,   0.0025, 2
A,  190, THR,  0.0596,  -0.3463,   0.0012, 0
A,  191, ALA,  0.0422,  -0.3559,   0.0009, 0
A,  192, GLN,  0.0566,  -0.3479,   0.0012, 0
A,  193, ALA,  0.0166,  -0.3702,   0.0004, 0
A,  194, ALA,  0.0345,  -0.3602,   0.0007, 0
A,  195, GLY,  0.0392,  -0.3576,   0.0008, 0
A,  196, THR,  0.0745,  -0.3379,   0.0016, 0
A,  197, ASP,  0.2743,  -0.2265,   0.0119, 1
A,  198, THR,  0.2017,  -0.2671,   0.0070, 0
A,  199, THR,  0.4967,  -0.1026,   0.0355, 1
A,  200, ILE,  0.9257,   0.1365,   0.1217, 4
A,  201, THR,  0.2157,  -0.2592,   0.0078, 4
A,  202, VAL,  1.1939,   0.2860,   0.1945, 4
A,  203, ASN,  0.7314,   0.0282,   0.0762, 4
A,  204, VAL,  0.1820,  -0.2780,   0.0059, 0
A,  205, LEU,  0.0000,  -0.3795,   0.0002, 0
A,  206, ALA,  0.0000,  -0.3795,   0.0002, 0
A,  207, TRP,  0.0794,  -0.3352,   0.0017, 1
A,  208, LEU,  0.0000,  -0.3795,   0.0002, 0
A,  209, TYR,  0.1222,  -0.3113,   0.0031, 0
A,  210, ALA,  0.0001,  -0.3794,   0.0002, 0
A,  211, ALA,  0.0005,  -0.3792,   0.0002, 0
A,  212, VAL,  0.0053,  -0.3765,   0.0003, 0
A,  213, ILE,  0.1058,  -0.3205,   0.0025, 0
A,  214, ASN,  0.3412,  -0.1893,   0.0177, 8
A,  215, GLY,  0.0205,  -0.3680,   0.0005, 0
A,  216, ASP,  0.0493,  -0.3520,   0.0010, 8
A,  217, ARG,  0.0437,  -0.3551,   0.0009, 0
A,  218, TRP,  0.1015,  -0.3229,   0.0024, 0
A,  219, PHE,  0.0448,  -0.3545,   0.0009, 0
A,  220, LEU,  0.0597,  -0.3462,   0.0012, 0
A,  221, ASN,  0.2330,  -0.2496,   0.0089, 0
A,  222, ARG,  0.0767,  -0.3367,   0.0016, 0
A,  223, PHE,  0.4851,  -0.1090,   0.0339, 0
A,  224, THR,  0.2127,  -0.2609,   0.0076, 0
A,  225, THR,  0.1642,  -0.2880,   0.0050, 0
A,  226, THR,  0.0180,  -0.3694,   0.0005, 0
A,  227, LEU,  0.0164,  -0.3703,   0.0004, 0
A,  228, ASN,  0.0157,  -0.3707,   0.0004, 0
A,  229, ASP,  0.0424,  -0.3558,   0.0009, 0
A,  230, PHE,  0.0004,  -0.3792,   0.0002, 0
A,  231, ASN,  0.0191,  -0.3688,   0.0005, 0
A,  232, LEU,  0.0424,  -0.3558,   0.0009, 0
A,  233, VAL,  0.0650,  -0.3432,   0.0014, 0
A,  234, ALA,  0.0008,  -0.3790,   0.0002, 0
A,  235, MET,  0.2702,  -0.2289,   0.0116, 0
A,  236, LYS,  0.0480,  -0.3527,   0.0010, 0
A,  237, TYR,  0.2394,  -0.2460,   0.0094, 0
A,  238, ASN,  0.0597,  -0.3462,   0.0012, 0
A,  239, TYR,  0.5772,  -0.0578,   0.0476, 0
A,  240, GLU,  0.3216,  -0.2002,   0.0158, 4
A,  241, PRO,  0.2934,  -0.2159,   0.0134, 4
A,  242, LEU,  0.0166,  -0.3702,   0.0004, 0
A,  243, THR,  0.0363,  -0.3592,   0.0007, 0
A,  244, GLN,  0.0390,  -0.3577,   0.0008, 0
A,  245, ASP,  0.1561,  -0.2924,   0.0046, 0
A,  246, HIS,  1.2070,   0.2933,   0.1983, 4
A,  247, VAL,  0.1504,  -0.2956,   0.0043, 0
A,  248, ASP,  0.0250,  -0.3655,   0.0006, 0
A,  249, ILE,  0.5627,  -0.0658,   0.0453, 4
A,  250, LEU,  0.0788,  -0.3355,   0.0017, 0
A,  251, GLY,  0.0768,  -0.3366,   0.0017, 0
A,  252, PRO,  0.0310,  -0.3622,   0.0007, 0
A,  253, LEU,  0.0137,  -0.3718,   0.0004, 0
A,  254, SER,  0.2129,  -0.2608,   0.0076, 0
A,  255, ALA,  0.0584,  -0.3469,   0.0012, 0
A,  256, GLN,  0.0103,  -0.3737,   0.0004, 0
A,  257, THR,  0.0130,  -0.3722,   0.0004, 0
A,  258, GLY,  0.0370,  -0.3588,   0.0008, 0
A,  259, ILE,  0.2452,  -0.2428,   0.0098, 0
A,  260, ALA,  0.2848,  -0.2207,   0.0127, 0
A,  261, VAL,  0.2759,  -0.2257,   0.0120, 0
A,  262, LEU,  0.2211,  -0.2562,   0.0081, 0
A,  263, ASP,  0.0852,  -0.3320,   0.0019, 0
A,  264, MET,  0.0127,  -0.3724,   0.0004, 0
A,  265, CYS,  0.1162,  -0.3147,   0.0029, 0
A,  266, ALA,  0.1773,  -0.2806,   0.0056, 0
A,  267, SER,  0.1461,  -0.2980,   0.0042, 0
A,  268, LEU,  0.0000,  -0.3795,   0.0002, 0
A,  269, LYS,  0.2096,  -0.2626,   0.0074, 0
A,  270, GLU,  0.2892,  -0.2182,   0.0131, 0
A,  271, LEU,  0.5116,  -0.0943,   0.0376, 0
A,  272, LEU,  0.5793,  -0.0566,   0.0479, 0
A,  273, GLN,  0.1357,  -0.3038,   0.0037, 0
A,  274, ASN,  0.7686,   0.0489,   0.0842, 0
A,  275, GLY,  1.0450,   0.2030,   0.1530, 0
A,  276, MET,  1.1896,   0.2836,   0.1933, 0
A,  277, ASN,  0.7710,   0.0503,   0.0847, 0
A,  278, GLY,  0.5638,  -0.0652,   0.0454, 0
A,  279, ARG,  0.5079,  -0.0964,   0.0370, 0
A,  280, THR,  0.2464,  -0.2421,   0.0099, 0
A,  281, ILE,  0.1913,  -0.2728,   0.0064, 0
A,  282, LEU,  0.5430,  -0.0768,   0.0422, 1
A,  283, GLY,  0.6257,  -0.0307,   0.0557, 1
A,  284, SER,  0.7570,   0.0425,   0.0816, 1
A,  285, ALA,  1.4165,   0.4101,   0.2586, 0
A,  286, LEU,  1.3123,   0.3520,   0.2286, 1
A,  287, LEU,  1.0975,   0.2323,   0.1675, 1
A,  288, GLU,  1.3246,   0.3589,   0.2320, 1
A,  289, ASP,  0.4905,  -0.1060,   0.0346, 1
A,  290, GLU,  0.7719,   0.0508,   0.0849, 1
A,  291, PHE,  0.7340,   0.0297,   0.0768, 0
A,  292, THR,  0.3423,  -0.1887,   0.0178, 4
A,  293, PRO,  0.4424,  -0.1329,   0.0285, 4
A,  294, PHE,  0.6498,  -0.0172,   0.0600, 7
A,  295, ASP,  0.6691,  -0.0065,   0.0636, 7
A,  296, VAL,  0.2822,  -0.2222,   0.0125, 0
A,  297, VAL,  0.0699,  -0.3405,   0.0015, 0
A,  298, ARG,  1.5411,   0.4795,   0.2941, 7
A,  299, GLN,  1.1710,   0.2733,   0.1881, 0
A,  300, CYS,  0.1720,  -0.2836,   0.0054, 0
A,  301, SER,  0.2281,  -0.2523,   0.0086, 0
B,    1, SER,  0.7471,   0.0370,   0.0795, 0
B,    2, GLY,  0.8310,   0.0837,   0.0984, 0
B,    3, PHE,  1.2200,   0.3006,   0.2020, 1
B,    4, ARG,  1.5245,   0.4703,   0.2895, 1
B,    5, LYS,  1.7742,   0.6095,   0.3570, 1
B,    6, MET,  1.3260,   0.3596,   0.2324, 0
B,    7, ALA,  1.0780,   0.2214,   0.1621, 0
B,    8, PHE,  0.8178,   0.0764,   0.0953, 0
B,    9, PRO,  0.3959,  -0.1588,   0.0231, 0
B,   10, SER,  0.0499,  -0.3517,   0.0010, 0
B,   11, GLY,  0.1895,  -0.2738,   0.0063, 0
B,   12, LYS,  0.3831,  -0.1659,   0.0218, 0
B,   13, VAL,  0.0116,  -0.3730,   0.0004, 0
B,   14, GLU,  0.7107,   0.0167,   0.0719, 0
B,   15, GLY,  0.4758,  -0.1143,   0.0326, 0
B,   16, CYS,  0.2980,  -0.2133,   0.0138, 0
B,   17, MET,  0.5015,  -0.0999,   0.0361, 0
B,   18, VAL,  0.4194,  -0.1457,   0.0258, 0
B,   19, GLN,  0.0894,  -0.3296,   0.0020, 0
B,   20, VAL,  0.0000,  -0.3795,   0.0002, 0
B,   21, THR,  0.0541,  -0.3493,   0.0011, 0
B,   22, CYS,  0.1410,  -0.3009,   0.0039, 0
B,   23, GLY,  0.1452,  -0.2985,   0.0041, 0
B,   24, THR,  0.1604,  -0.2900,   0.0048, 0
B,   25, THR,  1.0965,   0.2317,   0.1672, 3
B,   26, THR,  0.7906,   0.0612,   0.0890, 3
B,   27, LEU,  1.1281,   0.2493,   0.1760, 0
B,   28, ASN,  0.0015,  -0.3786,   0.0003, 0
B,   29, GLY,  0.0000,  -0.3795,   0.0002, 0
B,   30, LEU,  0.0000,  -0.3795,   0.0002, 0
B,   31, TRP,  0.4054,  -0.1535,   0.0241, 0
B,   32, LEU,  0.5347,  -0.0814,   0.0410, 0
B,   33, ASP,  0.4032,  -0.1547,   0.0239, 0
B,   34, ASP,  0.0305,  -0.3625,   0.0007, 0
B,   35, VAL,  0.3612,  -0.1781,   0.0195, 0
B,   36, VAL,  0.0000,  -0.3795,   0.0002, 0
B,   37, TYR,  0.9528,   0.1517,   0.1286, 0
B,   38, CYS,  0.0000,  -0.3795,   0.0002, 0
B,   39, PRO,  0.0000,  -0.3795,   0.0002, 0
B,   40, ARG,  0.4797,  -0.1121,   0.0332, 0
B,   41, HIS,  1.7897,   0.6181,   0.3610, 3
B,   42, VAL,  0.1802,  -0.2790,   0.0058, 0
B,   43, ILE,  0.0882,  -0.3303,   0.0020, 0
B,   44, CYS,  0.2303,  -0.2511,   0.0087, 3
B,   45, THR,  0.1683,  -0.2857,   0.0052, 0
B,   46, SER,  0.0875,  -0.3307,   0.0019, 0
B,   47, GLU,  0.0413,  -0.3565,   0.0008, 0
B,   48, ASP,  0.0395,  -0.3574,   0.0008, 0
B,   49, MET,  0.6512,  -0.0165,   0.0602, 3
B,   50, LEU,  0.0079,  -0.3751,   0.0003, 0
B,   51, ASN,  0.0115,  -0.3731,   0.0004, 0
B,   52, PRO,  0.1721,  -0.2835,   0.0054, 0
B,   53, ASN,  0.0364,  -0.3592,   0.0008, 0
B,   54, TYR,  0.3217,  -0.2002,   0.0158, 0
B,   55, GLU,  0.0440,  -0.3549,   0.0009, 0
B,   56, ASP,  0.0290,  -0.3633,   0.0006, 0
B,   57, LEU,  0.0305,  -0.3625,   0.0007, 0
B,   58, LEU,  0.0644,  -0.3436,   0.0013, 0
B,   59, ILE,  0.0631,  -0.3443,   0.0013, 0
B,   60, ARG,  0.0531,  -0.3499,   0.0011, 0
B,   61, LYS,  0.1624,  -0.2889,   0.0049, 0
B,   62, SER,  0.0332,  -0.3610,   0.0007, 0
B,   63, ASN,  0.0466,  -0.3535,   0.0009, 0
B,   64, HIS,  0.0831,  -0.3331,   0.0018, 0
B,   65, ASN,  0.1318,  -0.3060,   0.0035, 0
B,   66, PHE,  0.0638,  -0.3439,   0.0013, 0
B,   67, LEU,  0.0642,  -0.3437,   0.0013, 0
B,   68, VAL,  0.0207,  -0.3679,   0.0005, 0
B,   69, GLN,  0.1938,  -0.2715,   0.0065, 0
B,   70, ALA,  0.5970,  -0.0467,   0.0508, 0
B,   71, GLY,  0.5777,  -0.0575,   0.0477, 0
B,   72, ASN,  0.1365,  -0.3033,   0.0037, 0
B,   73, VAL,  0.1470,  -0.2975,   0.0042, 0
B,   74, GLN,  0.0926,  -0.3279,   0.0021, 0
B,   75, LEU,  0.1379,  -0.3026,   0.0038, 0
B,   76, ARG,  0.0487,  -0.3523,   0.0010, 0
B,   77, VAL,  0.0482,  -0.3526,   0.0010, 0
B,   78, ILE,  0.0211,  -0.3677,   0.0005, 0
B,   79, GLY,  0.0160,  -0.3705,   0.0004, 0
B,   80, HIS,  0.0575,  -0.3474,   0.0012, 0
B,   81, SER,  0.0996,  -0.3239,   0.0023, 0
B,   82, MET,  0.1496,  -0.2961,   0.0043, 0
B,   83, GLN,  0.3547,  -0.1817,   0.0189, 0
B,   84, ASN,  0.2983,  -0.2132,   0.0138, 0
B,   85, CYS,  0.4843,  -0.1095,   0.0338, 0
B,   86, VAL,  0.0006,  -0.3791,   0.0002, 0
B,   87, LEU,  0.0000,  -0.3795,   0.0002, 0
B,   88, LYS,  0.3648,  -0.1761,   0.0199, 0
B,   89, LEU,  0.0140,  -0.3717,   0.0004, 0
B,   90, LYS,  0.1046,  -0.3212,   0.0025, 0
B,   91, VAL,  0.0029,  -0.3778,   0.0003, 0
B,   92, ASP,  0.0161,  -0.3705,   0.0004, 0
B,   93, THR,  0.0906,  -0.3290,   0.0020, 0
B,   94, ALA,  0.0543,  -0.3492,   0.0011, 0
B,   95, ASN,  0.2100,  -0.2624,   0.0074, 0
B,   96, PRO,  0.1168,  -0.3144,   0.0029, 0
B,   97, LYS,  0.5918,  -0.0496,   0.0500, 0
B,   98, THR,  0.0325,  -0.3613,   0.0007, 0
B,   99, PRO,  0.0693,  -0.3408,   0.0015, 0
B,  100, LYS,  0.0448,  -0.3545,   0.0009, 0
B,  101, TYR,  0.8608,   0.1004,   0.1055, 0
B,  102, LYS,  0.1229,  -0.3110,   0.0032, 0
B,  103, PHE,  0.8652,   0.1028,   0.1066, 0
B,  104, VAL,  0.3941,  -0.1598,   0.0229, 6
B,  105, ARG,  0.2281,  -0.2523,   0.0086, 0
B,  106, ILE,  0.4014,  -0.1557,   0.0237, 6
B,  107, GLN,  0.1492,  -0.2963,   0.0043, 5
B,  108, PRO,  0.5038,  -0.0986,   0.0364, 5
B,  109, GLY,  0.4794,  -0.1122,   0.0331, 5
B,  110, GLN,  0.9358,   0.1421,   0.1242, 5
B,  111, THR,  0.9131,   0.1295,   0.1185, 6
B,  112, PHE,  0.0559,  -0.3483,   0.0011, 0
B,  113, SER,  0.1754,  -0.2817,   0.0055, 0
B,  114, VAL,  0.0000,  -0.3795,   0.0002, 0
B,  115, LEU,  0.0000,  -0.3795,   0.0002, 0
B,  116, ALA,  0.5401,  -0.0784,   0.0418, 0
B,  117, CYS,  0.2205,  -0.2565,   0.0081, 0
B,  118, TYR,  0.9173,   0.1318,   0.1196, 0
B,  119, ASN,  0.1613,  -0.2895,   0.0048, 0
B,  120, GLY,  0.3108,  -0.2062,   0.0149, 0
B,  121, SER,  0.4980,  -0.1019,   0.0356, 0
B,  122, PRO,  0.6931,   0.0069,   0.0683, 0
B,  123, SER,  1.2459,   0.3150,   0.2093, 0
B,  124, GLY,  0.7616,   0.0450,   0.0826, 0
B,  125, VAL,  0.0039,  -0.3773,   0.0003, 0
B,  126, TYR,  0.2845,  -0.2209,   0.0127, 0
B,  127, GLN,  1.0660,   0.2147,   0.1588, 0
B,  128, CYS,  0.0012,  -0.3788,   0.0002, 0
B,  129, ALA,  0.0000,  -0.3795,   0.0002, 0
B,  130, MET,  0.0088,  -0.3746,   0.0003, 0
B,  131, ARG,  0.3167,  -0.2030,   0.0154, 0
B,  132, PRO,  0.1283,  -0.3080,   0.0034, 0
B,  133, ASN,  0.0930,  -0.3276,   0.0021, 0
B,  134, PHE,  0.2476,  -0.2414,   0.0099, 0
B,  135, THR,  0.0637,  -0.3440,   0.0013, 0
B,  136, ILE,  0.0008,  -0.3790,   0.0002, 0
B,  137, LYS,  0.5233,  -0.0878,   0.0393, 1
B,  138, GLY,  0.0282,  -0.3637,   0.0006, 8
B,  139, SER,  0.5476,  -0.0742,   0.0429, 0
B,  140, PHE,  0.5953,  -0.0476,   0.0505, 3
B,  141, LEU,  0.8794,   0.1107,   0.1101, 3
B,  142, ASN,  1.3515,   0.3739,   0.2397, 3
B,  143, GLY,  0.8698,   0.1053,   0.1077, 3
B,  144, SER,  0.6589,  -0.0122,   0.0617, 3
B,  145, CYS,  1.6678,   0.5502,   0.3288, 3
B,  146, GLY,  0.0000,  -0.3795,   0.0002, 0
B,  147, SER,  0.0000,  -0.3795,   0.0002, 0
B,  148, VAL,  0.0000,  -0.3795,   0.0002, 0
B,  149, GLY,  0.0000,  -0.3795,   0.0002, 0
B,  150, PHE,  0.0922,  -0.3281,   0.0021, 0
B,  151, ASN,  0.6900,   0.0052,   0.0677, 6
B,  152, ILE,  0.3654,  -0.1758,   0.0199, 6
B,  153, ASP,  0.4613,  -0.1223,   0.0308, 6
B,  154, TYR,  0.4497,  -0.1288,   0.0294, 0
B,  155, ASP,  0.2318,  -0.2502,   0.0088, 0
B,  156, CYS,  0.1055,  -0.3207,   0.0025, 0
B,  157, VAL,  0.0032,  -0.3777,   0.0003, 0
B,  158, SER,  0.3900,  -0.1621,   0.0225, 6
B,  159, PHE,  0.0033,  -0.3776,   0.0003, 0
B,  160, CYS,  0.1198,  -0.3127,   0.0030, 0
B,  161, TYR,  0.0000,  -0.3795,   0.0002, 0
B,  162, MET,  0.0000,  -0.3795,   0.0002, 0
B,  163, HIS,  0.1240,  -0.3104,   0.0032, 3
B,  164, HIS,  1.3307,   0.3622,   0.2337, 3
B,  165, MET,  0.8029,   0.0681,   0.0918, 3
B,  166, GLU,  0.4727,  -0.1160,   0.0322, 3
B,  167, LEU,  0.0598,  -0.3461,   0.0012, 0
B,  168, PRO,  0.0321,  -0.3615,   0.0007, 0
B,  169, THR,  0.2346,  -0.2487,   0.0090, 8
B,  170, GLY,  0.1703,  -0.2845,   0.0053, 8
B,  171, VAL,  0.1040,  -0.3215,   0.0025, 8
B,  172, HIS,  0.0295,  -0.3630,   0.0006, 0
B,  173, ALA,  0.0000,  -0.3795,   0.0002, 0
B,  174, GLY,  0.0000,  -0.3795,   0.0002, 0
B,  175, THR,  0.0170,  -0.3700,   0.0004, 0
B,  176, ASP,  0.0096,  -0.3741,   0.0003, 0
B,  177, LEU,  0.0345,  -0.3602,   0.0007, 0
B,  178, GLU,  0.0757,  -0.3373,   0.0016, 0
B,  179, GLY,  0.1173,  -0.3141,   0.0030, 0
B,  180, ASN,  0.1187,  -0.3133,   0.0030, 0
B,  181, PHE,  0.3701,  -0.1732,   0.0204, 0
B,  182, TYR,  0.1342,  -0.3046,   0.0036, 0
B,  183, GLY,  0.2343,  -0.2489,   0.0090, 0
B,  184, PRO,  0.1252,  -0.3097,   0.0033, 0
B,  185, PHE,  0.2028,  -0.2664,   0.0070, 0
B,  186, VAL,  0.3651,  -0.1760,   0.0199, 0
B,  187, ASP,  0.4739,  -0.1153,   0.0324, 0
B,  188, ARG,  0.1367,  -0.3032,   0.0037, 0
B,  189, GLN,  0.1879,  -0.2747,   0.0062, 3
B,  190, THR,  0.0394,  -0.3575,   0.0008, 0
B,  191, ALA,  0.0124,  -0.3725,   0.0004, 0
B,  192, GLN,  0.0396,  -0.3574,   0.0008, 0
B,  193, ALA,  0.0260,  -0.3650,   0.0006, 0
B,  194, ALA,  0.0794,  -0.3352,   0.0017, 0
B,  195, GLY,  0.0749,  -0.3377,   0.0016, 0
B,  196, THR,  0.0290,  -0.3633,   0.0006, 0
B,  197, ASP,  0.2092,  -0.2629,   0.0074, 0
B,  198, THR,  0.1753,  -0.2818,   0.0055, 0
B,  199, THR,  0.4783,  -0.1129,   0.0330, 0
B,  200, ILE,  0.4779,  -0.1131,   0.0329, 5
B,  201, THR,  0.0918,  -0.3283,   0.0021, 0
B,  202, VAL,  0.6676,  -0.0074,   0.0633, 5
B,  203, ASN,  0.4480,  -0.1297,   0.0292, 0
B,  204, VAL,  0.0830,  -0.3332,   0.0018, 0
B,  205, LEU,  0.0000,  -0.3795,   0.0002, 0
B,  206, ALA,  0.0000,  -0.3795,   0.0002, 0
B,  207, TRP,  0.2983,  -0.2132,   0.0138, 0
B,  208, LEU,  0.0000,  -0.3795,   0.0002, 0
B,  209, TYR,  0.0300,  -0.3627,   0.0006, 0
B,  210, ALA,  0.1000,  -0.3237,   0.0023, 0
B,  211, ALA,  0.0105,  -0.3736,   0.0004, 0
B,  212, VAL,  0.0091,  -0.3744,   0.0003, 0
B,  213, ILE,  0.5284,  -0.0849,   0.0401, 0
B,  214, ASN,  0.8224,   0.0790,   0.0964, 0
B,  215, GLY,  0.0261,  -0.3649,   0.0006, 0
B,  216, ASP,  0.2255,  -0.2538,   0.0084, 0
B,  217, ARG,  0.0279,  -0.3639,   0.0006, 0
B,  218, TRP,  0.2465,  -0.2421,   0.0099, 0
B,  219, PHE,  0.0852,  -0.3320,   0.0019, 0
B,  220, LEU,  0.0411,  -0.3566,   0.0008, 0
B,  221, ASN,  0.0783,  -0.3358,   0.0017, 0
B,  222, ARG,  0.0396,  -0.3574,   0.0008, 0
B,  223, PHE,  0.1521,  -0.2947,   0.0044, 0
B,  224, THR,  0.0599,  -0.3461,   0.0012, 0
B,  225, THR,  0.0647,  -0.3434,   0.0013, 0
B,  226, THR,  0.0752,  -0.3376,   0.0016, 0
B,  227, LEU,  0.0959,  -0.3260,   0.0022, 0
B,  228, ASN,  0.0462,  -0.3537,   0.0009, 0
B,  229, ASP,  0.0204,  -0.3681,   0.0005, 0
B,  230, PHE,  0.0009,  -0.3790,   0.0002, 0
B,  231, ASN,  0.0181,  -0.3694,   0.0005, 0
B,  232, LEU,  0.0464,  -0.3536,   0.0009, 0
B,  233, VAL,  0.0425,  -0.3558,   0.0009, 0
B,  234, ALA,  0.0095,  -0.3741,   0.0003, 0
B,  235, MET,  0.0550,  -0.3488,   0.0011, 0
B,  236, LYS,  0.0865,  -0.3313,   0.0019, 0
B,  237, TYR,  0.2310,  -0.2507,   0.0088, 0
B,  238, ASN,  0.0484,  -0.3525,   0.0010, 0
B,  239, TYR,  0.4683,  -0.1184,   0.0317, 0
B,  240, GLU,  0.2381,  -0.2467,   0.0093, 5
B,  241, PRO,  0.1464,  -0.2979,   0.0042, 5
B,  242, LEU,  0.1084,  -0.3190,   0.0026, 0
B,  243, THR,  0.0416,  -0.3563,   0.0008, 0
B,  244, GLN,  0.0910,  -0.3287,   0.0021, 0
B,  245, ASP,  0.1234,  -0.3107,   0.0032, 5
B,  246, HIS,  0.6739,  -0.0038,   0.0645, 5
B,  247, VAL,  0.2609,  -0.2341,   0.0109, 0
B,  248, ASP,  0.0244,  -0.3658,   0.0006, 0
B,  249, ILE,  0.4852,  -0.1090,   0.0339, 5
B,  250, LEU,  0.0545,  -0.3491,   0.0011, 0
B,  251, GLY,  0.0584,  -0.3469,   0.0012, 0
B,  252, PRO,  0.1136,  -0.3161,   0.0028, 0
B,  253, LEU,  0.0950,  -0.3265,   0.0022, 0
B,  254, SER,  0.2302,  -0.2511,   0.0087, 0
B,  255, ALA,  0.0232,  -0.3665,   0.0005, 0
B,  256, GLN,  0.1889,  -0.2742,   0.0062, 0
B,  257, THR,  0.0098,  -0.3740,   0.0004, 0
B,  258, GLY,  0.0171,  -0.3699,   0.0004, 0
B,  259, ILE,  0.1678,  -0.2859,   0.0051, 0
B,  260, ALA,  0.2470,  -0.2418,   0.0099, 0
B,  261, VAL,  0.2717,  -0.2280,   0.0117, 0
B,  262, LEU,  0.3021,  -0.2111,   0.0141, 0
B,  263, ASP,  0.0885,  -0.3301,   0.0020, 0
B,  264, MET,  0.0044,  -0.3770,   0.0003, 0
B,  265, CYS,  0.0060,  -0.3761,   0.0003, 0
B,  266, ALA,  0.0330,  -0.3611,   0.0007, 0
B,  267, SER,  0.0551,  -0.3488,   0.0011, 0
B,  268, LEU,  0.0000,  -0.3795,   0.0002, 0
B,  269, LYS,  0.0416,  -0.3563,   0.0008, 0
B,  270, GLU,  0.1028,  -0.3221,   0.0024, 0
B,  271, LEU,  0.3845,  -0.1652,   0.0219, 0
B,  272, LEU,  0.4605,  -0.1228,   0.0307, 0
B,  273, GLN,  0.0854,  -0.3319,   0.0019, 0
B,  274, ASN,  0.2111,  -0.2618,   0.0075, 0
B,  275, GLY,  0.4512,  -0.1280,   0.0296, 0
B,  276, MET,  0.7161,   0.0197,   0.0730, 0
B,  277, ASN,  1.0235,   0.1911,   0.1473, 0
B,  278, GLY,  1.1419,   0.2571,   0.1799, 0
B,  279, ARG,  0.3532,  -0.1826,   0.0188, 0
B,  280, THR,  0.2414,  -0.2449,   0.0095, 0
B,  281, ILE,  0.3530,  -0.1827,   0.0188, 0
B,  282, LEU,  0.8072,   0.0705,   0.0928, 1
B,  283, GLY,  1.2720,   0.3295,   0.2169, 1
B,  284, SER,  0.7335,   0.0294,   0.0767, 1
B,  285, ALA,  0.8517,   0.0953,   0.1033, 0
B,  286, LEU,  1.0205,   0.1894,   0.1465, 1
B,  287, LEU,  0.8199,   0.0775,   0.0958, 1
B,  288, GLU,  1.3553,   0.3760,   0.2408, 1
B,  289, ASP,  0.4239,  -0.1432,   0.0263, 1
B,  290, GLU,  0.6685,  -0.0069,   0.0635, 1
B,  291, PHE,  1.0343,   0.1970,   0.1501, 1
B,  292, THR,  0.4242,  -0.1430,   0.0263, 5
B,  293, PRO,  0.2245,  -0.2543,   0.0084, 5
B,  294, PHE,  1.0066,   0.1816,   0.1427, 5
B,  295, ASP,  1.1665,   0.2708,   0.1869, 6
B,  296, VAL,  0.4604,  -0.1229,   0.0307, 0
B,  297, VAL,  0.1351,  -0.3042,   0.0037, 0
B,  298, ARG,  1.4795,   0.4452,   0.2768, 6
B,  299, GLN,  1.2478,   0.3161,   0.2099, 0
B,  300, CYS,  0.6190,  -0.0344,   0.0545, 0
B,  301, SER,  0.3553,  -0.1814,   0.0190, 0
B,  302, GLY,  0.2862,  -0.2199,   0.0128, 0
B,  303, VAL,  0.5306,  -0.0837,   0.0404, 0
B,  304, THR,  0.3892,  -0.1625,   0.0224, 0
B,  305, PHE,  1.1659,   0.2704,   0.1867, 0
